{
    "total_users": 6,
    "number_of_brakes": 0.3333333333333333,
    "average_velocity": 10.774881371755171,
    "average_throttle": 1.4351139624867464,
    "average_steering_actions": 0.16666666666666666,
    "average_duration": 5524.833333333333
}