{"total_users":7,"number_of_brakes":0.2857142857142857,"average_velocity":9.235612604361576,"average_throttle":1.2300976821314968,"average_steering_actions":0.14285714285714285,"average_duration":4744,"velocity_data":[4.873357500348773,4.880861554827009,4.890992300851004,5.018345321927752,5.051026514598301,5.06717894758497,5.112017035484314,5.145610621997288,5.1838051080703735,5.214389596666608,5.245688608714512,5.664872629301889,5.22198212146759,6.06601801940373,6.120968043804169,6.205503565924508,6.289945977074759,6.362218362944467,6.452210800988333,6.634228229522705,6.710158620561872,6.780710799353463,6.8445499283926825,6.89350574357169,6.2336510334696085,6.3116907221930365,6.362310026373182,6.43491416318076,6.492435574531555,6.558288591248648,6.64833266394479,6.760935698236738,6.81364757674081,6.923656310353961,7.027189425059727,7.080666542053223,7.124050412859235,7.172234535217285,7.226775339671543,7.276305300848825,8.60072558266776,8.637677873883929,8.683783633368355,8.747754982539586,8.785751342773438,8.828359092984881,8.873603752681188,8.920388085501534,9.692104067121234,9.729400907244,9.748631068638392,9.788362366812569,9.843701498849052,9.876183305467878,9.956340381077357,9.989763259887695,10.021211283547538,10.012758323124476,10.08058432170323,10.152683053697858,10.217599051339286,9.63859919139317,9.694267681666783,9.868859018598284,9.950022424970355,9.959344182695661,10.027860982077462,10.08596168245588,10.148127964564733,10.171748433794294,10.247168609074183,10.302749361310687,10.088900089263916,10.135931491851807,10.41952930177961,10.45935651234218,4.82157393864223,4.873440265655518,4.633265904017857,4.667576926095145,4.802189001015255,5.376847267150879,5.6717449596949985,5.852689402444022,5.911722728184292,5.788607052394322,6.064619064331055,5.893194675445557,5.359007358551025,8.32664121900286,10.29366956438337,11.230252129690987,11.257903099060059,11.287178312029157,10.953511169978551,10.986261912754603,11.064622129712786,14.83088847569057,11.062583582741874,11.139388697487968,11.167485305241176,11.478880201067243,11.382823262895856,11.526536532810756,14.961017063685826,14.971321514674596,15.076063292367119,14.999792507716588,15.164101191929408,11.341931479317802,15.154468672616142,15.249415533883232,15.377003124782018,11.524771009172712,15.333829607282366,9.756468772888184,9.718849454607282,5.984293256487165,9.729390961783272,9.82926082611084,6.418881143842425,11.161943571908134,7.803976450647626,8.09698292187282,8.65826906476702,8.779167992728096,8.96762820652553,9.03834329332624,9.177145753587995,9.231423446110316,9.092784132276263,5.231623717716762,8.459794385092598,10.606984070369176,10.672756126948766,11.967174257550921,12.057221140180316,12.146103722708565,13.035916464669365,13.163657324654716,7.590839462620871,7.7028398513793945,7.175374797412327,7.275353142193386,7.469539506094796,7.53931074483054,7.6382542337690085,7.731850607054574,7.802166496004377,7.88357366834368,8.013915777206421,8.096881083079747,6.010835204805646,6.107182604925973,6.202971696853638,7.616752760750907,7.720644984926496,7.809110743658883,6.566451242991856,7.785974025726318,8.862197535378593,8.9065294946943,4.801271847316197,4.671202591487339,9.070117609841484,9.23727287564959,4.2055873076121015,4.277594327926636,4.356637636820476,4.1281538009643555,4.205437898635864,7.516898473103841,7.633824745814006,3.933459719022115,3.962645649909973,3.9976377487182617,4.028045852979024,4.056149403254191,4.326278845469157,4.355340878168742,4.417408545811971,4.449310461680095,4.4915181795756025,4.755378703276317,4.805585006872813,4.854182223478953,4.896607796351115,4.939322233200073,5.030525883038838,5.073258340358734,5.115807294845581,5.163221478462219,5.217511137326558,5.291717727979024,5.36227281888326,5.481512904167175,5.592943112055461,5.646949648857117,5.720739920934041,5.876491983731587,5.962454160054524,6.0757670402526855,6.306265910466512,7.096788326899211,9.434827049573263,9.48885178565979,9.510225176811218,8.984690189361572,9.070175488789877,9.138784567515055,9.178645928700766,9.30510918299357,9.479037642478943,9.615684201320013,10.324467420578003,9.029172599315643,9.12729569276174,8.988842248916626,9.020366907119751,9.202447886268297,9.288234482208887,9.181177298227945,11.695251395304998,11.769737720489502,8.648618141810099,8.691465059916178,8.806442737579346,8.872316281000773,9.074882288773855,9.025763034820557,9.162455886602402,9.22123741110166,9.212666988372803,9.26470144589742,9.570460200309753,9.104579528172811,9.547792335351309,9.408647894859314,9.46344780921936,10.607476313908895,10.641204516092936,10.673315048217773,10.7226083278656,10.804484685262045,10.837519327799479,10.874801476796469,10.918826977411905,11.076291799545288,11.110770066579184,11.164676825205484,10.180023786922296,10.165326913197836,11.235899209976196,11.26995301246643,11.306220690409342,11.341856638590494,11.388835906982422,11.426335970560709,11.46543264389038,11.498806476593018,11.549457708994547,11.583682378133139,11.617824872334799,11.653841098149618,11.719642082850138,11.758406003316244,11.792444626490274,11.829286734263102,11.860824823379517,11.89468256632487,11.931058406829834,11.97036361694336,12.02111291885376,20.376348304748536,13.496612167358398,13.603770637512207,12.60937728881836,12.790067768096923,12.942603492736817,12.860722923278809,17.08227653503418,13.732716941833496,13.879234123229981,13.985654067993163,14.157778549194337,14.274390029907227,14.448636054992676,14.092630577087402,14.237229919433593,14.344553565979004,13.14887981414795,14.804562950134278,14.92711009979248,10.76032543182373,10.89894151687622,10.979882955551147,11.074041843414307,11.24166488647461,10.148843050003052,10.262176990509033,10.400460958480835,10.681952714920044,10.84823989868164,10.99691891670227,11.204694509506226,11.324811697006226,8.309586842854818,8.374527295430502,8.888145446777344,11.6824951171875,13.489129702250162,8.734403928120932,8.831998507181803,7.650439262390137,3.197967847188314,3.459250291188558,11.191324710845947,11.610276381174723,11.772286415100098,12.002485116322836,12.160463492075602,10.762213706970215,10.875016530354818,11.039066155751547,11.176777839660645,11.334811369578043,15.013398170471191,15.185216903686523,15.343889236450195,15.502821922302246,15.66180419921875,13.278876304626465,13.365246772766113,13.51640796661377,13.648520469665527,13.813239097595215,13.976049423217773,14.135148048400879,14.573793411254883,14.941360473632812,15.04920768737793,15.212836265563965,15.381498336791992,15.53398323059082,15.703227043151855,13.22095775604248,13.250690460205078,13.329572677612305,13.446891784667969,13.555193901062012,13.68588924407959,13.848316192626953,14.015840530395508,14.170056343078613,14.443551063537598,14.532801628112793,15.088481903076172,15.245436668395996,15.414995193481445,15.596324920654297,13.723005294799805,13.878775596618652,14.043697357177734,14.198962211608887,14.289640426635742,14.324310302734375,14.379124641418457,14.473424911499023,14.673664093017578,15.120988845825195,15.278800010681152,15.44904613494873,15.564569473266602,13.584778785705566,13.754715919494629,13.908395767211914,14.075888633728027,14.229615211486816,14.254945755004883,14.353913307189941,14.409506797790527,14.502643585205078,14.70535945892334,15.744414329528809,15.783953666687012,15.865743637084961,15.902523040771484,20.000001907348633,4.125308990478516,20.000001907348633,20.000003814697266,20.0000057220459,19.999998092651367,19.999998092651367,20.000003814697266,0,0,0,0,0,0,0,0,0,0,0,0,0,0,0,0,0,0,0,0,0,0,0,0,0,0,0,0,0,0,0,0,0,0,0,0,0]}