{
  "scenario_one": {
    "average_steering": 0.03333890141523185,
    "average_throttle": 0.1290844824321619,
    "average_brake": 0.009486444424060882,
    "average_velocity": 33.69080355318121,
    "number_of_brakes": 357,
    "total_users": 37
  }
}